{
  "44k": {
    "0": 0.06637022315996642,
    "1": 0.6815826650499079,
    "2": 0.6732270929729331,
    "3": 0.6172441705572935,
    "4": 0.6528488098555054,
    "5": 0.7069925658835905,
    "6": 0.6558737630178891,
    "7": 0.6182767788184814,
    "8": 0.5817277660844218,
    "9": 0.5915441200280231,
    "10": 0.6328134716228456,
    "11": 0.2669495845000623,
    "12": 0.6661749779429941,
    "13": 0.6167785463081769,
    "14": 0.628830513324835,
    "15": 0.6595333085555583,
    "16": 0.6508850646658837,
    "17": 0.6533021322789418,
    "18": 0.6865166062839543,
    "19": 0.7244961930120071,
    "20": 0.6737442131100534,
    "21": 0.7105384992418661,
    "22": 0.5342896040938716,
    "23": 0.6329359133641926,
    "24": 0.6794651075809858,
    "25": 0.7114758213240095,
    "26": 0.5896726330616621,
    "27": 0.6906764193376868,
    "28": 0.6489562893371336,
    "29": 0.6558386806124696,
    "30": 0.6883243036369635,
    "31": 0.6160572196017545,
    "32": 0.6051976437246617,
    "33": 0.5808584482827797,
    "34": 0.5980525345624689,
    "35": 0.5417713212302845,
    "36": 0.25491605868442024,
    "37": 0.7519513479357032,
    "38": 0.6458249370891892,
    "39": 0.5358609450859513,
    "40": 0.7306925435396175,
    "41": 0.6044441663441997,
    "42": 0.6716188915325392,
    "43": 0.6029609740524026,
    "44": 0.6483129721429713,
    "45": 0.6004409621692174,
    "46": 0.6058832053212523,
    "47": 0.6473210855418343,
    "48": 0.7005026623106276,
    "49": 0.6145812321898972,
    "50": 0.5895834444348267,
    "51": 0.6242350332442516,
    "52": 0.5981960303214912,
    "53": 0.6670794118238795,
    "54": 0.6307653674314847,
    "55": 0.6934226781971131,
    "56": 0.6526744464121165,
    "57": 0.6014359999419996,
    "58": 0.6413257606662335,
    "59": 0.6198324021104812,
    "60": 0.7908483818859661,
    "61": 0.5897433778416976,
    "62": 0.5924762515444852,
    "63": 0.3677870085510918,
    "64": 0.6403617681777567,
    "65": 0.7001233315626957,
    "66": 0.5824141885474304,
    "67": 0.5903155808559386,
    "68": 0.6264845910538129,
    "69": 0.6003257843984282,
    "70": 0.17593236034859858,
    "71": 0.6626448353334009,
    "72": 0.3554402964965775,
    "73": 0.7506090294272371,
    "74": 0.6152214522357005,
    "75": 0.6599577178276649,
    "76": 0.6570160073409214,
    "77": 0.6923435321042642,
    "78": 0.6851683122438724,
    "79": 0.6351234785747586,
    "80": 0.30989088669204434,
    "81": 0.6934022311054671,
    "82": 0.6708168560024137,
    "83": 0.36871501257671546,
    "84": 0.6608414691800795,
    "85": 0.5797016608878193,
    "86": 0.6561120027452434,
    "87": 0.5935420322636568,
    "88": 0.589430366872709,
    "89": 0.6350235592154452,
    "90": 0.368562400689584,
    "91": 0.7774038867397052,
    "92": 0.6987537306950777,
    "93": 0.3606070875367024,
    "94": 0.6892328341444115,
    "95": 0.7423000075927509,
    "96": 0.728727962988466,
    "97": 0.7047116947949086,
    "98": 0.6549114257911022,
    "99": 0.6338204266407961,
    "100": 0.6451297717097492,
    "101": 0.6282946978598591,
    "102": 0.5955955062170363,
    "103": 0.5987507527179294,
    "104": 0.6340577216198657,
    "105": 0.6963976317338899,
    "106": 0.6189171468964201,
    "107": 0.6955329205174267,
    "108": 0.5689202090169383,
    "109": 0.628964180526602,
    "110": 0.659151565316909,
    "111": 0.6946364823269688,
    "112": 0.6688463195580975,
    "113": 0.6814590114847767,
    "114": 0.7078125111477355,
    "115": 0.6086764702976432,
    "116": 0.6358332892511914,
    "117": 0.6821753038241618,
    "118": 0.6636140579452137,
    "119": 0.702984769598658,
    "120": 0.6959125820761316,
    "121": 0.6728572994490862,
    "122": 0.6774240510563995,
    "123": 0.6653615012564543,
    "124": 0.620846268428572,
    "125": 0.7035131152216122,
    "126": 0.6082158727075617,
    "127": 0.741573342855614,
    "128": 0.6373116252550423,
    "129": 0.67937944930862,
    "130": 0.649372556237687,
    "131": 0.6435023846922162,
    "132": 0.6195671041829518,
    "133": 0.5912140873202049,
    "134": 0.6040975859728447,
    "135": 0.6616214107249736,
    "136": 0.6683653679976964,
    "137": 0.744305872304969,
    "138": 0.6813951489969349,
    "139": 0.640739094255002,
    "140": 0.5950127761351133,
    "141": 0.6192309776179369,
    "142": 0.5796293937424098,
    "143": 0.6828465139123862,
    "144": 0.6957828828877408,
    "145": 0.638030869690103,
    "146": 0.31405448692771126,
    "147": 0.300855407014198,
    "148": 0.61346095577146,
    "149": 0.6373769751181934,
    "150": 0.5976531560729419,
    "151": 0.5928171636265183,
    "152": 0.6475573027681768,
    "153": 0.6260792017930238,
    "154": 0.6131450086421507,
    "155": 0.6205081785145442,
    "156": 0.5069316482438296,
    "157": 0.3560432993664401,
    "158": 0.6362258222507665,
    "159": 0.6195304058623632
  }
}